Month,Predicted_kWh
January 2024,14874.294841761284
February 2024,18896.387923985705
March 2024,21743.40096032303
April 2024,21066.667432888822
May 2024,22686.453930306547
June 2024,19954.082548792154
July 2024,18637.927335234097
August 2024,17213.180427132935
September 2024,16397.969227379286
October 2024,19330.95532305598
November 2024,18962.722133087358
December 2024,17925.572167437775
